행정동,이름,주소,Latitude,Longitude
영등포동,중마루공원,서울 영등포구 영등포로53길 14,37.5197905,126.9113685
영등포동,타임스퀘어,서울 영등포구 영중로 15,37.5170751,126.9033411
영등포동,서울 사회복지대학원 대학교,서울 영등포구 영신로34길 18,37.5195285,126.9031087
영등포동,영등포 중앙어린이공원,서울 영등포구 영등포로35길 13,37.5214401,126.9037671
영등포동,영등포동 주민센터,서울 영등포구 영등포로53길 22,37.5203428,126.9106816
영등포동,한림대학교 한강성심병원,서울 영등포구 버드나루로7길 12,37.5231787,126.9097085
영등포동,서강어린이공원,서울 영등포구 영등포동8가 28,37.525887,126.9059023
영등포동,롯데마트 맥스 영등포점,서울 영등포구 영중로 125,37.5278069,126.9046657
영등포동,knk 디지털타워,서울 영등포구 영신로 220,37.5268181,126.9041497
영등포동,김안과병원,서울 영등포구 영신로 136,37.5196247,126.9013986
영등포동,당산푸르지오아파트,서울 영등포구 영중로 154,37.5300833,126.906395
영등포동,영등포삼환아파트,서울 영등포구 영중로 145,37.5294425,126.905072
영등포동,경남아너스빌아파트,서울 영등포구 양산로 177,37.5239445,126.902692
영등포동,아크로타워스퀘어아파트,서울 영등포구 국회대로54길 10,37.5236412,126.906415
영등포동,신세계백화점 타임스퀘어점,서울 영등포구 영중로 9,37.5171533,126.90554
영등포동,ST-1322,서울특별시 영등포구 영중로 22,37.520119,126.905167
영등포동,ST-1653,서울특별시 영등포구 영중로 107,37.525768,126.905739
영등포동,ST-380,서울특별시 영등포구 영등포로34길 9,37.519463,126.902649
영등포동,ST-2429,서울특별시 영등포구 영등포로34길 9,37.51944,126.902573
영등포동,ST-420,서울특별시 영등포구 영등포로 177,37.520294,126.901192
영등포동,ST-293,서울특별시 영등포구 영등포동8가 82-4,37.530079,126.905708
영등포동,ST-1968,서울특별시 영등포구 영등포동8가 29-1,37.526302,126.90538
영등포동,ST-288,서울특별시 영등포구 영등포동7가 58-2,37.525852,126.903282
영등포동,ST-306,서울특별시 영등포구 영등포동1가35,37.517693,126.914299
영등포동,ST-2818,서울특별시 영등포구 영등포구 영등포동2가 174-1,37.518749,126.912209
영등포동,ST-2815,서울특별시 영등포구 영등포구 영등포4가 442-6,37.518036,126.903648
영등포동,ST-1649,서울특별시 영등포구 양산로 213,37.522518,126.907219
영등포동,ST-1650,서울특별시 영등포구 문래로 180,37.518211,126.902229
영등포동,ST-2822,서울특별시 영등포구 국회대로50길 20 포레나 영등포,37.523415,126.905403
영등포동,ST-1321,서울특별시 영등포구 경인로112길 1,37.518284,126.912636
영등포동,ST-3204,서울특별시 영등포구 경인로 900 여의도더리브스타일,37.517918,126.912598
영등포동,ST-229,서울 영등포구 영등포로34길 3,37.519951,126.902451
여의동,여의동 주민센터,서울 영등포구 국제금융로 124 여의동주민센터,37.51769391,126.934614
여의동,메리츠화재 여의도사옥,서울 영등포구 국제금융로2길 11,37.5241692,126.9264279
여의동,여의도 공원,서울 영등포구 여의공원로 68 여의도공원관리사무소,37.52680882,126.9222841
여의동,NICE그룹 1사옥,서울 영등포구 은행로 17,37.52830978,126.9207587
여의동,ABL타워빌딩,서울 영등포구 의사당대로 147,37.51882199,126.9278393
여의동,SK증권빌딩,서울 영등포구 국제금융로8길 31,37.51974601,126.9280666
여의동,농협재단빌딩,서울 영등포구 국제금융로8길 2,37.52201638,126.9300487
여의동,하이투자증권빌딩,서울 영등포구 여의대로 66,37.52455067,126.9237078
여의동,국회의사당,서울 영등포구 의사당대로 147,37.51882199,126.9278393
여의동,KBS,서울 영등포구 여의공원로 13 한국방송공사,37.52596989,126.9167168
여의동,여의도광장 우체국,서울 영등포구 국회대로68길 7 영산빌딩,37.52946365,126.9194937
여의동,켄싱턴호텔 여의도,서울 영등포구 국회대로76길 16,37.53028936,126.9219692
여의동,여의도한강공원서울색공원,서울 영등포구 여의도동 84,37.52999983,126.9299412
여의동,여의도이용숲,서울 영등포구 여의도동 82-7,37.53460405,126.9166597
여의동,여의도성모병원,서울 영등포구 63로 10 여의도성모병원,37.51827081,126.9367298
여의동,63스퀘어,서울 영등포구 63로 50 한화금융센터_63,37.51966416,126.9399093
여의동,하나은행 여의도,서울 영등포구 국제금융로 72,37.52111954,126.9308363
여의동,신한은행 한국거래소출장소,서울 영등포구 여의나루로 76 (한국거래소별관별관),37.52291203,126.9280414
여의동,천주교여의도성당,서울 영등포구 여의동로 257,37.52156705,126.9389853
여의동,IFC몰,서울 영등포구 국제금융로 10 서울 국제금융 센터,37.52517752,126.9248767
여의동,더현대서울,서울 영등포구 여의대로 108,37.5260354,126.928279
여의동,ST-72,서울특별시 영등포구 의사당대로 지하166,37.517765,126.928413
여의동,ST-71,서울특별시 영등포구 의사당대로 지하166,37.517368,126.929253
여의동,ST-52,서울특별시 영등포구 의사당대로 97,37.526264,126.920509
여의동,ST-58,서울특별시 영등포구 의사당대로 88,37.521362,126.923462
여의동,ST-3061,서울특별시 영등포구 의사당대로 83-2 가로판매대32,37.52261,126.923012
여의동,ST-50,서울특별시 영등포구 의사당대로 8,37.528164,126.917023
여의동,ST-62,서울특별시 영등포구 의사당대로 127,37.520695,126.925835
여의동,ST-63,서울특별시 영등포구 의사당대로 110,37.519363,126.926048
여의동,ST-1987,서울특별시 영등포구 의사당대로 1 국회,37.532665,126.913765
여의동,ST-45,서울특별시 영등포구 의사당대로 1,37.528416,126.913918
여의동,ST-1741,서울특별시 영등포구 의사당대로 1,37.532291,126.914009
여의동,ST-2694,서울특별시 영등포구 영등포구 의사당대로 1,37.532719,126.917992
여의동,ST-2648,서울특별시 영등포구 영등포구 의사당대로 1,37.528641,126.915108
여의동,ST-2647,서울특별시 영등포구 영등포구 의사당대로 1,37.532146,126.917473
여의동,ST-2646,서울특별시 영등포구 영등포구 의사당대로 1,37.53054,126.918175
여의동,ST-2645,서울특별시 영등포구 영등포구 의사당대로 1,37.530502,126.912895
여의동,ST-2644,서울특별시 영등포구 영등포구 의사당대로 1,37.529747,126.91317
여의동,ST-2643,서울특별시 영등포구 영등포구 의사당대로 1,37.532574,126.914047
여의동,ST-2900,서울특별시 영등포구 영등포구 여의나루로 76,37.524105,126.928108
여의동,ST-2899,서울특별시 영등포구 영등포구 여의나루로 76,37.523479,126.927116
여의동,ST-414,서울특별시 영등포구 여의서로 60-2 가로판매대22,37.533657,126.912163
여의동,ST-1971,서울특별시 영등포구 여의서로 60-2 가로판매대22,37.531792,126.922455
여의동,ST-73,서울특별시 영등포구 여의동로 지하343,37.527157,126.9319
여의동,ST-425,서울특별시 영등포구 여의동로 48,37.518963,126.921616
여의동,ST-2144,서울특별시 영등포구 여의동로 43 교통지도과 강서지역대,37.519142,126.922058
여의동,ST-297,서울특별시 영등포구 여의동로 300-2 가로판매대50,37.524349,126.936119
여의동,ST-296,서울특별시 영등포구 여의도동8-13,37.531055,126.92421
여의동,ST-1748,서울특별시 영등포구 여의도동 85-3,37.5373,126.933296
여의동,ST-1969,서울특별시 영등포구 여의도동 8-1,37.528637,126.912674
여의동,ST-1989,서울특별시 영등포구 여의도동 4-2,37.521664,126.930878
여의동,ST-1970,서울특별시 영등포구 여의도동 1-1,37.527508,126.914299
여의동,ST-67,서울특별시 영등포구 여의대방로 439,37.522675,126.93779
여의동,ST-3072,서울특별시 영등포구 여의대로 70 신한금융투자타워,37.525089,126.92408
여의동,ST-3073,서울특별시 영등포구 여의대로 66 하이투자증권,37.524643,126.923424
여의동,ST-60,서울특별시 영등포구 여의대로 38,37.523022,126.920837
여의동,ST-59,서울특별시 영등포구 여의대로 38,37.521908,126.918953
여의동,ST-61,서울특별시 영등포구 여의나루로 76,37.523277,126.929237
여의동,ST-424,서울특별시 영등포구 여의나루로 76,37.522343,126.927101
여의동,ST-53,서울특별시 영등포구 여의공원로 13,37.524666,126.918022
여의동,ST-47,서울특별시 영등포구 여의공원로 101,37.528816,126.92453
여의동,ST-46,서울특별시 영등포구 국회대로76길 10,37.531239,126.921333
여의동,ST-57,서울특별시 영등포구 국회대로68길 7,37.522228,126.924637
여의동,ST-51,서울특별시 영등포구 국회대로 지하758,37.528057,126.918701
여의동,ST-66,서울특별시 영등포구 국제금융로8길 2,37.522079,126.930367
여의동,ST-64,서울특별시 영등포구 국제금융로7길 37,37.524837,126.934906
여의동,ST-3160,서울특별시 영등포구 국제금융로7길 27 삼부아파트,37.525394,126.930458
여의동,ST-65,서울특별시 영등포구 국제금융로7길 27,37.523491,126.932899
여의동,ST-70,서울특별시 영등포구 국제금융로 86,37.520088,126.932365
여의동,ST-55,서울특별시 영등포구 국제금융로 24,37.524612,126.927834
여의동,ST-3074,서울특별시 영등포구 국제금융로 15 IFC~파크원간 지하공공보도,37.526287,126.926178
여의동,ST-2813,서울특별시 영등포구 국제금융로 109-2 가로판매대59,37.518509,126.934486
여의동,ST-69,서울특별시 영등포구 국제금융로 108-6,37.519314,126.933167
여의동,ST-56,서울특별시 영등포구 국제금융로 10 서울 국제금융 센터,37.525433,126.924606
여의동,ST-68,서울특별시 영등포구 63로 45,37.519436,126.937599
여의동,ST-1988,서울특별시 영등포구 63로 40 라이프오피스텔,37.519875,126.93882
여의동,ST-2814,서울특별시 영등포구 63로 33-2 가로판매대56,37.52071,126.939659
여의동,ST-54,서울 영등포구 여의대로 128,37.527985,126.929207
양평2동,양평동한신아파트,서울 영등포구 양평로24길 9,37.540099,126.89208
양평2동,거성파스텔아파트,서울 영등포구 선유로43가길 24,37.5314853,126.891855
양평2동,양평동6차현대아파트,서울 영등포구 선유로 207,37.5318292,126.893495
양평2동,현대2차아파트,서울 영등포구 선유동2로 29,37.5320202,126.895554
양평2동,현대3차아파트,서울 영등포구 선유동2로 23,37.5313079,126.894989
양평2동,성원아파트,서울 영등포구 양평로17길 36,37.5342888,126.893412
양평2동,양평어린이공원입구,서울 영등포구 양평동4가,37.5363174,126.8961515
양평2동,영롱이갈대1구장,서울 영등포구 양화동 143-1,37.542841,126.8867618
양평2동,양평누리체육공원 테니스장,서울 영등포구 양화동 9-1,37.5446743,126.88531
양평2동,양평누리체육공원,서울 영등포구 양화동 4-1,37.5450227,126.8857604
양평2동,한강공원 양화지구,서울 영등포구 양화동 27-4,37.547998,126.8890757
양평2동,이마트24 한강양화3호점,서울 영등포구 노들로 99,37.5441545,126.8936892
양평2동,"양화한강공원 농구장, 물놀이장",서울 영등포구 노들로 113 ,37.5441545,126.8936892
양평2동,선유도공원,서울 영등포구 선유로 343,37.5425312,126.9019908
양평2동,열린마을공원,서울 영등포구 양평동5가 78,37.5404877,126.8932781
양평2동,영등포구마을자치센터,서울 영등포구 양평로28마길 18-1 양화2동구립양화경로당 3층,37.5428886,126.8899401
양평2동,선유도서관,서울 영등포구 선유로43가길 10-8 선유도서관,37.5332751,126.8929164
양평2동,ST-2811,서울특별시 영등포구 영등포구 양평로17길 36,37.533745,126.893654
양평2동,ST-2920,서울특별시 영등포구 영등포구 양평동5가 51-1,37.539726,126.890366
양평2동,ST-277,서울특별시 영등포구 양화동 17-4,37.544666,126.888359
양평2동,ST-421,서울특별시 영등포구 양평로 76,37.535961,126.8983
양평2동,ST-278,서울특별시 영등포구 양평동4가 202-1,37.53846,126.894508
양평2동,ST-279,서울특별시 영등포구 양평동4가 20-4,37.535873,126.892181
양평2동,ST-1980,서울특별시 영등포구 양평동 1-1,37.541851,126.893806
양평2동,ST-1539,서울특별시 영등포구 선유로 213,37.532101,126.89444
양평2동,ST-1318,서울특별시 영등포구 선유로 207,37.5318292,126.893495
문래동,문래동 주민센터,서울 영등포구 문래로28길 15 문래동주민센터,37.51710975,126.8995233
문래동,GS강서타워,서울 영등포구 선유로 75,37.52081015,126.8890343
문래동,문래근린공원,서울 영등포구 문래동3가 61,37.51646622,126.8940199
문래동,홈플러스 영등포점,서울 영등포구 당산로 42 홈플러스영등포점,37.5182397,126.8958802
문래동,문래창작촌,서울 영등포구 도림로128가길 13-8,37.51425893,126.8976821
문래동,서울남부지방법원 등기국,서울 영등포구 경인로 772 서울남부광역등기국,37.51337183,126.8990787
문래동,문래소공원,서울 영등포구 문래동6가 25-1,37.5197991,126.8869025
문래동,우리은행 문래동6가자동화점,서울 영등포구 선유서로 40,37.51899427,126.884795
문래동,우리벤처타운,서울 영등포구 선유로 70 우리벤처타운2,37.52016265,126.8901457
문래동,IBK기업은행 문래중앙,서울 영등포구 선유로 49,37.5182932,126.8887462
문래동,문래힐스테이트,서울 영등포구 문래로 82,37.51919291,126.8910335
문래동,문래현대5차아파트,서울 영등포구 선유서로9길 5,37.51788813,126.8832611
문래동,문래자이아파트,서울 영등포구 당산로4길 12,37.51627575,126.8973904
문래동,문래새마을금고 문래4가지점,서울 영등포구 도림로143길 8-1,37.51510724,126.8911483
문래동,문래롯데캐슬아파트,서울 영등포구 선유로9길 30,37.5181355,126.885529
문래동,문래동삼환아파트,서울 영등포구 도림로143길 32,37.5137514,126.889483
문래동,남성맨션,서울 영등포구 경인로77길 21,37.5125731,126.891577
문래동,ST-2820,서울특별시 영등포구 영등포구 선유로9길 30,37.518002,126.884598
문래동,ST-2564,서울특별시 영등포구 영등포구 도림로143길 27,37.512882,126.890266
문래동,ST-2563,서울특별시 영등포구 영등포구 경인로77길 49,37.513748,126.888512
문래동,ST-417,서울특별시 영등포구 선유로 34,37.517151,126.888626
문래동,ST-1976,서울특별시 영등포구 문래로4길 6 현대아파트,37.520218,126.882164
문래동,ST-416,서울특별시 영등포구 문래로 56,37.519928,126.889183
문래동,ST-1992,서울특별시 영등포구 문래로 121 서울특별시 남부교육지원청,37.519333,126.895302
문래동,ST-285,서울특별시 영등포구 문래동3가 68-1,37.516155,126.894615
문래동,ST-1977,서울특별시 영등포구 문래동3가 55-13,37.517071,126.899086
문래동,ST-289,서울특별시 영등포구 문래동3가 55-12,37.518738,126.895576
문래동,영롱이억새1구장,서울 영등포구 문래동5가 31,37.5184115,126.8805681
문래동,ST-1699,서울특별시 영등포구 경인로 775,37.513851,126.89888
대림3동,산성어린이공원,서울 영등포구 대림동 752-60,37.496976,126.9025361
대림3동,원지공원,서울 영등포구 도림로47길 28,37.4980913,126.8996106
대림3동,대림운동장,서울 영등포구 가마산로31길 16,37.4996894,126.8947038
대림3동,대림도서관,서울 영등포구 도신로 27,37.5043013,126.8960952
대림3동,대림3동 유수지내체육시설 농구장,서울 영등포구 도신로 1,37.5041225,126.8948226
대림3동,신우어린이공원,서울 영등포구 가마산로47길 13,37.50332,126.8991933
대림3동,대림3동 주민센터,서울 영등포구 대림로 197,37.4983297,126.8980767
대림3동,두암 어린이공원,서울 영등포구 대림3동 715,37.4954841,126.8973838
대림3동,대림코오롱아파트,서울 영등포구 도영로 2-5,37.5069449,126.8949
대림3동,현대3차아파트,서울 영등포구 도신로 31,37.5055129,126.895591
대림3동,현대2차아파트,서울 영등포구 도신로4길 6,37.5030077,126.895086
대림3동,현대1차아파트,서울 영등포구 도신로4길 14,37.5022055,126.894816
대림3동,YDP미래평생학습관,서울 영등포구 도신로4길 20,37.5016299,126.895914
대림3동,신동아아파트,서울 영등포구 가마산로 312,37.4970427,126.894654
대림3동,대림우성아파트,서울 영등포구 도림로 187,37.4964355,126.900908
대림3동,ST-2816,서울특별시 영등포구 영등포구 대림로 256,37.503841,126.896156
대림3동,ST-2808,서울특별시 영등포구 도림로47길 1 우성아파트,37.495193,126.900177
대림3동,ST-3041,서울특별시 영등포구 대림동 647-2,37.503006,126.893829
대림3동,ST-3040,서울특별시 영등포구 대림동 646-1,37.502083,126.893188
대림3동,ST-1697,서울특별시 영등포구 가마산로 352,37.499809,126.898003
대림3동,ST-1651,서울특별시 영등포구 가마산로 343,37.499859,126.89724
영등포동,신길역(5호선),,37.517122,126.917169
영등포동,영등포시장역(5호선),,37.522669,126.905139
여의동,여의도역(5/9호선),,37.521624,126.924191
여의동,여의나루역(5호선),,37.527098,126.932901
여의동,국회의사당역(9호선),,37.528105,126.917874
여의동,샛강역(9호선/신림선),,37.517274,126.928422
문래동,문래역(2호선),,37.517933,126.89476
양평2동,선유도역(9호선),,37.53802,126.893525
대림3동,대림역(7호선),,37.49297,126.895801
문래동,문래동남성아파트,,37.511828,126.893705
문래동,문래동남성아파트,,37.511202,126.892312
문래동,남부지방법원등기국.구로세무서(에이스하이테크시티),,37.51448389,126.9011874
문래동,남부지방법원등기국.구로세무서(에이스하이테크시티),,37.51404034,126.8997458
영등포동,영등포역,,37.51601191,126.9056182
영등포동,영등포역,,37.51658793,126.9070304
여의동,여의도환승센터,,37.52547209,126.9241508
여의동,여의도환승센터,,37.52605934,126.9246697
여의동,여의도환승센터,,37.5261697,126.9243413
여의동,여의도환승센터,,37.52543828,126.9243603
영등포동,영등포시장,,37.52185521,126.905199
영등포동,영등포시장입구,,37.51968302,126.9067867
영등포동,영등포로터리,,37.5191224,126.9097732
영등포동,영등포시장로터리방면,,37.51886847,126.9091544
영등포동,영등포시장로터리방면,,37.51892954,126.9088941
영등포동,영등포시장,,37.51944576,126.9064499
영등포동,경방타임스퀘어.신세계백화점,,37.51838374,126.9057837
영등포동,신세계백화점,,37.51790907,126.9060434
영등포동,경방타임스퀘어.신세계백화점,,37.51750823,126.9062396
영등포동,영등포역,,37.51708699,126.9091509
영등포동,경방타임스퀘어.신세계백화점,,37.5183573,126.9053991
영등포동,김안과병원,,37.52007107,126.9030257
영등포동,김안과병원,,37.52041603,126.9028341
영등포동,영등포시장,,37.521318,126.904785
영등포동,신화병원,,37.52453053,126.9051549
영등포동,신화병원,,37.52489489,126.9055402
영등포동,영동초교,,37.52515902,126.9068195
영등포동,영동초교.영등포평생학습관,,37.52544346,126.9075692
영등포동,삼환아파트,,37.529082,126.905597
영등포동,당산푸르지오아파트,,37.529032,126.905958
영등포동,하이서울유스호스텔,,37.52563767,126.9036578
여의동,국회의사당,,37.5298981,126.9180242
여의동,KBS,,37.52472503,126.9182267
여의동,국회의사당,,37.52938176,126.9180157
여의동,국회의사당역.국민은행,,37.5283646,126.9182736
여의동,국회의사당역,,37.52807833,126.9173733
여의동,KBS,,37.52348333,126.9156847
여의동,국민일보,,37.52891291,126.9243546
여의동,여의도순복음교회,,37.53078214,126.9249037
여의동,여의도순복음교회,,37.531583,126.9231604
여의동,여의도공원,,37.52952968,126.927892
여의동,여의나루역,,37.52730438,126.9316211
여의동,여의나루역,,37.52738751,126.9320238
여의동,여의도중학교,,37.52440959,126.9356353
여의동,여의도중학교,,37.5244746,126.9358573
여의동,63빌딩.가톨릭대학교여의도성모병원,,37.51931574,126.9374048
여의동,63빌딩.가톨릭대학교여의도성모병원,,37.51916181,126.9377093
여의동,시범아파트,,37.52104285,126.9351905
여의동,시범아파트.대교아파트,,37.52109569,126.9345908
여의동,여의동주민센터,,37.51838607,126.9345717
여의동,여의동주민센터,,37.51835154,126.9340468
여의동,진주아파트,,37.51924625,126.9323106
여의동,KBS별관,,37.51930358,126.9317166
여의동,샛강역.앙카라공원,,37.5179276,126.9301771
여의동,여의도공원,,37.523605,126.920262
여의동,샛강역1번출구.여의도자이,,37.518817,126.9272111
여의동,샛강역4번출구.여의도자이,,37.51863602,126.9268946
여의동,여의도역,,37.52062937,126.9247521
여의동,여의도역,,37.52147547,126.9247117
여의동,한국거래소,,37.52332171,126.9273957
여의동,한국거래소,,37.52366933,126.9270706
여의동,삼부아파트,,37.52512645,126.9301172
여의동,여의도공작아파트,,37.52599202,126.9309977
여의동,전경련회관,,37.52189063,126.9188837
문래동,영등포등기소구로세무서,,37.51433415,126.9013193
문래동,문래역,,37.5191706,126.8943136
문래동,문래역,,37.51901289,126.8942878
문래동,문래동대림아파트,,37.51690823,126.8896944
문래동,국화아파트,,37.51555555,126.8924906
문래동,현대6차아파트,,37.518198,126.884328
문래동,문래롯데캐슬,,37.51804315,126.8845001
문래동,문래중학교,,37.51976357,126.8847215
문래동,문래중학교,,37.51974933,126.8849127
문래동,문래동국화아파트,,37.51577982,126.8913941
문래동,대림아파트,,37.51670529,126.8894922
양평2동,한신아파트.선유도역,,37.53835761,126.8932341
양평2동,한신아파트.선유도역,,37.53814653,126.8929866
양평2동,선유도역.롯데제과,,37.53719667,126.8948754
양평2동,선유도역.롯데제과,,37.53714501,126.8955567
양평2동,양평한신아파트.선유도공원입구,,37.54164859,126.8944278
양평2동,영등포아리수정수센터,,37.54752411,126.8841131
양평2동,안양천입구,,37.54730614,126.8836668
양평2동,양평동한솔아파트,,37.54391653,126.8903472
양평2동,당산초등학교앞,,37.53891751,126.8945867
양평2동,선유고등학교,,37.5342684,126.8962261
양평2동,선유고등학교,,37.53403534,126.8965987
양평2동,선유중학교,,37.53205199,126.8945217
양평2동,선유중학교,,37.53118495,126.8943181
대림3동,대림역,,37.49276213,126.8964679
대림3동,대동초등학교.명지성모병원,,37.49417159,126.8986961
대림3동,대림동우성아파트,,37.49653395,126.9024976
대림3동,YDP미래평생학습관,,37.50387028,126.8957399
대림3동,대림동현대3차아파트,,37.50449265,126.8964336
대림3동,신영초등학교,,37.50162686,126.8971376
대림3동,YDP미래평생학습관,,37.50301282,126.8961721
영등포동,신길역5호선,,37.51839786,126.9148883
여의동,국회의사당,,37.53064228,126.9191537
여의동,산업은행본점,,37.52796717,126.9208526
여의동,더현대서울,,37.52548682,126.9277728
여의동,유진투자증권,,37.52540691,126.9270897
여의동,파크원타워.LG트윈타워,,37.52695606,126.927025
여의동,여의도한양아파트,,37.52092035,126.9320647
여의동,하나은행여의도지점,,37.52115961,126.9313224
여의동,여의도수정아파트,,37.52244776,126.9305869
여의동,여의도지하차도입구,,37.523355,126.923253
문래동,문래우체국.문래예술공단,,37.51425859,126.8951938
문래동,문래우체국.문래예술공단,,37.5141627,126.8947765
대림3동,대림3동주민센터,,37.49764548,126.8988667
여의동,여의도순복음교회,,37.53001122,126.9241543
문래동,문래자이아파트,,37.51674966,126.8946564
대림3동,대림코오롱아파트,,37.50710759,126.8943272
영등포동,영등포로터리,,37.51861348,126.910372
문래동,영문초등학교,,37.520197,126.887835
문래동,영문초등학교,,37.51998827,126.8878741
문래동,문래역,,37.51663125,126.8942561
문래동,양화중학교.홈플러스,,37.519369,126.8952833
여의동,기계회관,,37.52909926,126.9226787
대림3동,신동아아파트,,37.49807251,126.8946317
대림3동,신영초교,,37.49893094,126.8963033
대림3동,현대3차성원아파트,,37.50447866,126.8969188
대림3동,방송통신대,,37.50242043,126.8967893
대림3동,대림3동사거리.명지춘혜병원,,37.50047659,126.8976369
대림3동,현대2차아파트,,37.50310079,126.8947751
대림3동,성원아파트.한국상하수도협회,,37.50251012,126.8966667
대림3동,국민은행,,37.500805,126.898722
대림3동,성원아파트입구,,37.50496619,126.8979949
대림3동,건영아파트후문,,37.50254273,126.9007015
문래동,문래유원아파트,,37.52113273,126.8879437
대림3동,대림동코오롱아파트,,37.50761312,126.8943468
문래동,문래동종점,,37.51565156,126.8862776
문래동,문래동시점,,37.51562912,126.8867853
문래동,KT&G영등포지사.문래동종점,,37.51535371,126.8874015
문래동,동양볼링장,,37.51676826,126.8884242
대림3동,현대2차아파트후문,,37.50301006,126.8940864
대림3동,기림약국,,37.49977289,126.9008725
대림3동,코사마트,,37.49839237,126.9019205
대림3동,해오름식당,,37.500908,126.89948
대림3동,우리은행,,37.49742195,126.9030957
문래동,두산위브진주아파트,,37.51642062,126.8853096
문래동,현대3차아파트,,37.516298,126.884898
영등포동,CM충무병원,,37.51835277,126.9027079
여의동,여의도한강공원주차장,,37.53190677,126.9222096
여의동,여의도한강공원주차장,,37.53171876,126.9226941
여의동,여의도시민요트나루,,37.53372727,126.9123182
영등포동,타임스퀘어,,37.51803739,126.9042581
영등포동,영등포청과시장,,37.52248498,126.9017747
영등포동,서울시립청소년성문화센터,,37.52474912,126.9024743
영등포동,빅마켓영등포점,,37.52806631,126.903873
영등포동,영등포농협당산역지점,,37.53068212,126.904897
대림3동,수정교회,,37.50082602,126.8984473
대림3동,대림3동주민센터,,37.49816725,126.89831
대림3동,대림역,,37.49418817,126.8949855
양평2동,한국수자원연구소,,37.5439176,126.8895618
양평2동,기아자동차서비스센터,,37.54154486,126.8913397
양평2동,한신아파트.선유도공원,,37.54061046,126.8923573
양평2동,선유중학교.현대6차아파트,,37.53209708,126.8945612
대림3동,우성2차아파트,,37.49550885,126.8997739
양평2동,당산초등학교,,37.53878135,126.8944862
대림3동,대림3동주민센터,,37.49836066,126.8985174
양평2동,선유도역.롯데홈쇼핑,,37.53725925,126.893316
대림3동,정현부페,,37.49954069,126.8980363
영등포동,당산중학교.한국소방안전원,,37.53188907,126.9065022
대림3동,국민은행,,37.50101569,126.8989685
양평2동,SK엔카,,37.53423608,126.8923382
대림3동,대림요양병원,,37.50233141,126.9001498
양평2동,거성파스텔아파트,,37.53211681,126.8924532
양평2동,선유고등학교,,37.53313337,126.8945892
영등포동,한강성심병원,,37.52332997,126.910544
영등포동,근로복지공단.서울남부지사,,37.52132966,126.9119175
문래동,e편한세상문래에듀플라츠,,37.52031164,126.8858599
문래동,영문초등학교,,37.51999287,126.8879714
문래동,현대홈타운아파트,,37.51943304,126.8915709
영등포동,영등포시장.우리은행,,37.51906152,126.908274
문래동,문래역.청소년수련회관,,37.51900576,126.8943828
영등포동,근로복지공단.서울남부지사,,37.52140371,126.912138
문래동,벽산메가트리움APT,,37.51867154,126.8975521
영등포동,한강성심병원,,37.52339863,126.9107747
문래동,영일시장.록스,,37.51831493,126.9010071
영등포동,타임스퀘어.이마트,,37.51796918,126.9045998
양평2동,양평한신아파트.9호선선유도역,,37.5380044,126.8932516
영등포동,영등포역,,37.51715665,126.906089
양평2동,한신아파트앞,,37.53846639,126.892959
여의동,켄싱턴호텔.여의도,,37.53039645,126.9220913
여의동,농협재단.KDB대우증권,,37.52202953,126.9304195
문래동,문래힐스테이트,,37.51896245,126.8893961
여의동,63빌딩,,37.5210176,126.935143
여의동,국회의사당,,37.52933935,126.9179331
문래동,구로세무서,,37.51450228,126.900861
양평2동,양평한신아파트.9호선선유도역,,37.53832613,126.893293
문래동,문래지구대,,37.51347957,126.8977435
문래동,남성아파트,,37.51302512,126.8923336
문래동,문래자이아파트상가,,37.51643869,126.8945641
문래동,문래자이정문,,37.5169494,126.896353
대림3동,코오롱아파트,,37.50800455,126.8947354
문래동,문래자이후문,,37.51689912,126.8986416
문래동,문래주민센터,,37.51760168,126.8993511
대림3동,코오롱아파트,,37.50770517,126.894496
문래동,금호아파트,,37.51877189,126.8979309
문래동,문래역.남부교육청,,37.51919299,126.8941518
문래동,현대홈타운아파트,,37.51957718,126.8915322
양평2동,선유고등학교,,37.53329016,126.8945867
문래동,영문초등학교.GS홈쇼핑,,37.52004019,126.8884646
양평2동,거성현대6차아파트,,37.5327076,126.8920914
문래동,e편한세상문래에듀플라츠,,37.52044949,126.8858416
양평2동,SK엔카,,37.53430293,126.8925203
대림3동,대림요양병원,,37.50253217,126.8999335
대림3동,수정교회,,37.50106586,126.8986223
양평2동,선유도역.롯데홈쇼핑,,37.53704851,126.8934442
대림3동,정현부페,,37.49938636,126.8977582
양평2동,당산초등학교,,37.5386978,126.8947636
대림3동,대림3동주민센터,,37.49807937,126.8983425
양평2동,한신아파트.선유도공원,,37.54065922,126.8924693
대림3동,우성2차아파트,,37.49555362,126.8994441
양평2동,동양아파트,,37.54176104,126.89027
양평2동,현대6차아파트.거성아파트,,37.53110338,126.894276
대림3동,대동초등학교.명지성모병원,,37.49420138,126.8987628
여의동,지적공사.여의도자이,,37.51914085,126.9268805
여의동,지적공사.여의도자이,,37.5189481,126.926491
여의동,여의도메리어트호텔,,37.52161806,126.9183121
여의동,여의도메리어트호텔,,37.52082776,126.9188225
대림3동,대림역7호선,,37.49282264,126.8966204
양평2동,한솔아파트,,37.54389185,126.8880522
문래동,문래주민자치센터,,37.51782345,126.8994685
문래동,문래주민자치센터,,37.51709389,126.8987941
영등포동,영등포시장전철역,,37.52168219,126.9051913
영등포동,경방타임스퀘어.신세계백화점,,37.51729803,126.9059322
영등포동,영등포전화국,,37.52907539,126.9059276
영등포동,영등포전화국,,37.52887238,126.9055997
영등포동,영등포시장전철역,,37.52141063,126.904781
대림3동,대림역,,37.49379542,126.8951274
여의동,국회의사당,,37.52827531,126.9181628
대림3동,신풍프라자,,37.50178648,126.9015123
문래동,문래힐스테이트아파트,,37.51942396,126.8914974
문래동,문래힐스테이트아파트,,37.51963922,126.8913783
영등포동,영등포소방서.타임스퀘어,,37.51827387,126.9036355
여의동,63빌딩,,37.52016624,126.9388533
여의동,한국거래소공항방면,,37.52350346,126.9269644
영등포동,영등포로터리,,37.51876385,126.9055909
여의동,여의도요트나루,,37.53360655,126.9148235
여의동,IFC서울.콘래드호텔,,37.52544894,126.9269773
여의동,한양아파트,,37.52088612,126.932093
여의동,63빌딩.한강유람선,,37.52129875,126.940164
여의동,여의나루역,,37.52727034,126.9321281
양평2동,성산대교남단(가상),,37.54683353,126.889006
영등포동,여의2교(가상),,37.52516769,126.9110464
영등포동,여의2교(가상),,37.52529139,126.9113834
여의동,마포대교남단(가상),,37.52960168,126.930767
영등포동,근로복지공단(가상),,37.51948311,126.9153476
여의동,근로복지공단(가상),,37.51999923,126.9163165
여의동,여의나루역(주말운영),,37.52822273,126.9310889
양평2동,성산대교(가상),,37.54753988,126.888743
양평2동,성산대교(가상),,37.54788278,126.8887539
여의동,여의하류IC(가상),,37.5320282,126.9095942
영등포동,여의2교(가상),,37.52629139,126.9107877
여의동,여의나루역,,37.52647067,126.9328494
여의동,여의2교(가상),,37.52660834,126.9116112
여의동,여의도지하차도(가상),,37.52679004,126.9185467
여의동,KBS방송국,,37.52368533,126.9158994
영등포동,은성병원,,37.52706584,126.9058034
여의동,여의상류(가상),,37.51656215,126.94061
영등포동,서울교(가상),,37.5198554,126.9151853
여의동,서울교(가상),,37.52034469,126.9159846
여의동,여의교(가상),,37.51551756,126.9279151
여의동,샛강생태공원 생태연못,서울 영등포구 여의도동 49,37.5171571,126.9239975
여의동,샛강생태공원 미나리꽝,서울 영등포구 여의도동 29,37.520481,126.9169967
여의동,샛강생태공원 야생화둔덕,서울 영등포구 여의도동 39,37.5187201,126.9193862
여의동,여의도한강공원 수영장,서울 영등포구 여의도동 82-3,37.5337996,126.9190766
여의동,동방신기숲,서울 영등포구 여의도동 82-9,37.5334334,126.9194272
여의동,밤섬,서울 영등포구 여의도동 84-3,37.5384923,126.9291412
여의동,여의도한강공원 족구장,서울 영등포구 여의도동 81-8,37.5349223,126.9131938
여의동,샛강생태공원 물억새군락,서울 영등포구 여의도동 19-2,37.5233732,126.9150596
여의동,샛강생태공원 물억새마당,서울 영등포구 여의도동 19,37.5253003,126.9127549
여의동,샛강생태공원 버드나무습지대,서울 영등포구 여의도동 9,37.5286807,126.9113793
여의동,미니스톱 한강아라호점,서울 영등포구 여의동로 338,37.5290851,126.9362381
여의동,여의도공원 문화의마당,서울 영등포구 의사당대로 38,37.5257043,126.9187418
여의동,여의도공원 태극기계양대,서울 영등포구 여의도동 2,37.5260776,126.922483
여의동,여의도공원 세종대왕동상 ,서울 영등포구 여의도동 23-11,37.5246744,126.9248075
여의동,여의도공원 여의정,서울 영등포구 여의공원로 119,37.5301191,126.9266368
여의동,여의도물빛광장,서울 영등포구 여의도동 84-9,37.5312454,126.9286863
여의동,여의도한강공원 멀티플라자,서울 영등포구 여의도동 84-4,37.5281722,126.9325109
여의동,여의도공원 자연생태의숲,서울 영등포구 여의도동 1-10,37.5232924,126.9160325
여의동,여의도한강시민공원 너른들판,서울 영등포구 여의도동 83-6,37.5323795,126.9244149
여의동,샛강생태공원,서울 영등포구 여의도동 48,37.5174243,126.9270654
여의동,한강사업본부 여의도안내센터,서울 영등포구 여의동로 330 2층,37.52955,126.9201835
여의동,한강공원여의도지구 수변보행브릿지,서울 영등포구 여의도동 85-7,37.5261606,126.9368084
여의동,이마트24 한강파라다이스점,서울 영등포구 여의동로 252,37.5222925,126.9430071
여의동,CU 여의도선착장1호점,서울 영등포구 여의동로 280 1층,37.5290851,126.9362381
여의동,한강공원여의도지구 잔디마당,서울 영등포구 여의도동 85,37.5252121,126.9363175
여의동,한강공원여의도지구 민속놀이마당,서울 영등포구 여의도동 86-7,37.521192,126.9418985
여의동,자매근린공원,서울 영등포구 여의도동 56,37.5175282,126.9304604
여의동,한강공원여의도지구 파크골프장,서울 영등포구 여의도동 70-1,37.5190875,126.9423058
여의동,한강고수부지공원 수변광장,서울 영등포구 여의도동 58,37.5160219,126.9301066
여의동,샛강생태공원 전망마루2,서울 영등포구 여의도동 59,37.5199076,126.9245387
여의동,견인지역1,서울특별시 영등포구 여의도동 4-4,37.5198411,126.9299556
여의동,견인지역2,서울특별시 영등포구 여의도동 3,37.5232487,126.9269358
여의동,견인지역3,서울특별시 영등포구 여의도동 2-11,37.5255044,126.9230718
문래동,견인지역4,서울특별시 영등포구 문래동3가 68-1,37.5182708,126.8945803
여의동,견인지역5,서울특별시 영등포구 여의도동 4-5,37.5193539,126.928412
여의동,견인지역6,서울특별시 영등포구 여의도동 8,37.52955,126.9201835
여의동,견인지역7,서울특별시 영등포구 여의도동 4,37.5216289,126.9303556
여의동,견인지역8,서울특별시 영등포구 여의도동 1-2,37.5301491,126.9234521
여의동,견인지역9,서울특별시 영등포구 여의도동 2-8,37.521199,126.9196192
여의동,견인지역10,서울특별시 영등포구 여의도동 1-6,37.5273906,126.9185594
여의동,견인지역11,서울특별시 영등포구 여의도동 4-3,37.5204276,126.9309128
여의동,견인지역12,서울특별시 영등포구 여의도동 1-4,37.5291599,126.9200953
여의동,견인지역13,서울특별시 영등포구 여의도동 43-4,37.5201948,126.9317438
여의동,견인지역14,서울특별시 영등포구 여의도동 2-2,37.525492,126.9273618
여의동,견인지역15,서울특별시 영등포구 여의도동 5,37.5199196,126.9329842
여의동,견인지역16,서울특별시 영등포구 여의도동 22,37.5260497,126.928296
여의동,견인지역17,서울특별시 영등포구 여의도동 2-6,37.5228115,126.9230345
여의동,견인지역18,서울특별시 영등포구 여의도동 1-3,37.529861,126.9212243
여의동,견인지역19,서울특별시 영등포구 여의도동 2-1,37.5270964,126.9296621
양평2동,견인지역20,서울특별시 영등포구 양평동4가 93-1,37.5370728,126.8944464
여의동,견인지역21,서울특별시 영등포구 여의도동 8-13,37.5270777,126.9313153
여의동,견인지역22,서울특별시 영등포구 여의도동 6,37.5192562,126.9375305
여의동,견인지역23,서울특별시 영등포구 여의도동 2,37.5260776,126.922483
여의동,견인지역24,서울특별시 영등포구 여의도동 1-5,37.5283107,126.9207391
문래동,견인지역25,서울특별시 영등포구 문래동3가 55-20,37.5147541,126.8989475
여의동,견인지역26,서울특별시 영등포구 여의도동 8-1,37.5293544,126.9215125
대림3동,견인지역27,서울특별시 영등포구 대림동 774-2,37.4980878,126.8973006
여의동,견인지역28,서울특별시 영등포구 여의도동 61-5,37.5194099,126.9386263
양평2동,견인지역29,서울특별시 영등포구 양평동5가 66-1,37.5385219,126.8938722
문래동,견인지역30,서울특별시 영등포구 문래동6가 16-1,37.5189205,126.8865797
양평2동,견인지역31,서울특별시 영등포구 양평동4가 11-1,37.5335098,126.8945616
영등포동,견인지역32,서울특별시 영등포구 영등포동4가 123-1,37.5189053,126.9026948
여의동,견인지역33,서울특별시 영등포구 여의도동 3-5,37.5209681,126.9267549
여의동,견인지역34,서울특별시 영등포구 여의도동 2-7,37.5219065,126.9215712
여의동,견인지역35,서울특별시 영등포구 여의도동 5-4,37.5182527,126.9328776
여의동,견인지역36,서울특별시 영등포구 여의도동 28,37.5207571,126.9208125
여의동,견인지역37,서울특별시 영등포구 여의도동 23-1,37.525547,126.926209
문래동,견인지역38,서울특별시 영등포구 문래동3가 55-21,37.5141905,126.8996347
문래동,견인지역39,서울특별시 영등포구 문래동3가 55-13,37.5169429,126.8980412
여의동,견인지역40,서울특별시 영등포구 여의도동 28-3,37.5211765,126.9186552
여의동,견인지역41,서울특별시 영등포구 여의도동 1,37.5310582,126.9153816
문래동,견인지역42,서울특별시 영등포구 문래동3가 31-1,37.5189554,126.8994453
대림3동,견인지역43,서울특별시 영등포구 대림동 736-3,37.4943689,126.8980056
대림3동,견인지역44,서울특별시 영등포구 대림동 698-1,37.5016609,126.8962781
대림3동,견인지역45,서울특별시 영등포구 대림동 697-1,37.4968054,126.8997841
대림3동,견인지역46,서울특별시 영등포구 대림동 697,37.4972211,126.898889
여의동,견인지역47,서울특별시 영등포구 여의도동 47,37.5181719,126.9260538
여의동,견인지역48,서울특별시 영등포구 여의도동 3-2,37.5231712,126.929645
문래동,견인지역49,서울특별시 영등포구 문래동6가 5-2,37.5192691,126.8889624
문래동,견인지역50,서울특별시 영등포구 문래동6가 10-1,37.5204975,126.8888539
여의동,견인지역51,서울특별시 영등포구 여의도동 7-1,37.5179807,126.9372815
여의동,견인지역52,서울특별시 영등포구 여의도동 20,37.5278847,126.9292303
양평2동,견인지역53,서울특별시 영등포구 양평동4가 73,37.5370205,126.8952277
문래동,견인지역54,서울특별시 영등포구 문래동3가 54,37.5161432,126.8967779
여의동,견인지역55,서울특별시 영등포구 여의도동 60,37.5198332,126.9400724
여의동,견인지역56,서울특별시 영등포구 여의도동 4-6,37.5182916,126.9274736
여의동,견인지역57,서울특별시 영등포구 여의도동 2-3,37.5238432,126.9254143
여의동,견인지역58,서울특별시 영등포구 여의도동 12,37.5292525,126.9249131
여의동,견인지역59,서울특별시 영등포구 여의도동 1-7,37.5264184,126.9173785
양평2동,견인지역60,서울특별시 영등포구 양평동6가 95-3,37.5445024,126.8884872
문래동,견인지역61,서울특별시 영등포구 문래동5가 13-3,37.5172954,126.886303
문래동,견인지역62,서울특별시 영등포구 문래동5가 12-1,37.5154841,126.8864964
문래동,견인지역63,서울특별시 영등포구 문래동3가 97,37.519073,126.897615
문래동,견인지역64,서울특별시 영등포구 문래동3가 68,37.5187003,126.8945624
문래동,견인지역65,서울특별시 영등포구 문래동3가 55-18,37.5160886,126.8997983
여의동,견인지역66,서울특별시 영등포구 여의도동 3-4,37.521823,126.9275398
여의동,견인지역67,서울특별시 영등포구 여의도동 24-5,37.5243234,126.9277702
대림3동,견인지역68,서울특별시 영등포구 대림동 698-2,37.4993209,126.8949945
여의동,견인지역69,서울특별시 영등포구 여의도동 4-2,37.5209806,126.931782
대림3동,견인지역70,서울특별시 영등포구 대림동 774-1,37.4984444,126.8962577
여의동,견인지역71,서울특별시 영등포구 여의도동 21-2,37.526516,126.9298378
여의동,견인지역72,서울특별시 영등포구 여의도동 21,37.5275442,126.9302837
양평2동,견인지역73,서울특별시 영등포구 양평동4가 10,37.5336698,126.8949419
문래동,견인지역74,서울특별시 영등포구 문래동5가 3-2,37.5163796,126.8871172
문래동,견인지역75,서울특별시 영등포구 문래동2가 58-6,37.5140144,126.894043
영등포동,견인지역76,서울특별시 영등포구 영등포동4가 53-3,37.5187793,126.9049183
여의동,견인지역77,서울특별시 영등포구 여의도동 1-1,37.5294563,126.9176272
양평2동,견인지역78,서울특별시 영등포구 양평동6가 86-1,37.5433634,126.8890932
양평2동,견인지역79,서울특별시 영등포구 양평동5가 40-1,37.5386394,126.8918518
양평2동,견인지역80,서울특별시 영등포구 양평동5가 35-1,37.53733,126.8933476
양평2동,견인지역81,서울특별시 영등포구 양평동4가 260-1,37.536764,126.8968154
양평2동,견인지역82,서울특별시 영등포구 양평동4가 18-1,37.5352168,126.8943507
문래동,견인지역83,서울특별시 영등포구 문래동6가 5-1,37.5187981,126.8887059
문래동,견인지역84,서울특별시 영등포구 문래동6가 26-1,37.520557,126.8866855
여의동,견인지역85,서울특별시 영등포구 여의도동 61-3,37.519494,126.939272
여의동,견인지역86,서울특별시 영등포구 여의도동 5-2,37.5187682,126.9339686
여의동,견인지역87,서울특별시 영등포구 여의도동 36,37.5202418,126.9263745
여의동,견인지역88,서울특별시 영등포구 여의도동 3-9,37.5188815,126.923515
여의동,견인지역89,서울특별시 영등포구 여의도동 28-1,37.5221896,126.9202562
여의동,견인지역90,서울특별시 영등포구 여의도동 24-3,37.5245891,126.9275278
여의동,견인지역91,서울특별시 영등포구 여의도동 13,37.5309557,126.9211328
양평2동,견인지역92,서울특별시 영등포구 양평동5가 128-1,37.5415637,126.8939565
양평2동,견인지역93,서울특별시 영등포구 양평동5가 104-1,37.5400375,126.8943253
문래동,견인지역94,서울특별시 영등포구 문래동4가 46-1,37.514029,126.8893199
대림3동,견인지역95,서울특별시 영등포구 대림동 774-3,37.4970357,126.8977156
영등포동,견인지역96,서울특별시 영등포구 영등포동1가 76-1,37.5175175,126.9141471
여의동,견인지역97,서울특별시 영등포구 여의도동 8-3,37.5221197,126.939085
여의동,견인지역98,서울특별시 영등포구 여의도동 50,37.520693,126.9371057
여의동,견인지역99,서울특별시 영등포구 여의도동 44-6,37.5203426,126.9303071
여의동,견인지역100,서울특별시 영등포구 여의도동 44-2,37.5207931,126.9298673
여의동,견인지역101,서울특별시 영등포구 여의도동 44-14,37.5193784,126.9314564
여의동,견인지역102,서울특별시 영등포구 여의도동 3-6,37.5204718,126.9253298
여의동,견인지역103,서울특별시 영등포구 여의도동 15-21,37.5290621,126.9180845
양평2동,견인지역104,서울특별시 영등포구 양평동6가 90-4,37.5440325,126.8880656
문래동,견인지역105,서울특별시 영등포구 문래동6가 45-1,37.5203314,126.8842952
문래동,견인지역106,서울특별시 영등포구 문래동2가 56-16,37.513642,126.8923078
영등포동,견인지역107,서울특별시 영등포구 영등포동8가 68-1,37.5278073,126.9055446
영등포동,견인지역108,서울특별시 영등포구 영등포동7가 94-33,37.5246928,126.9098036
영등포동,견인지역109,서울특별시 영등포구 영등포동4가 150-1,37.5202015,126.9023483
여의동,견인지역110,서울특별시 영등포구 여의도동 21-1,37.5269131,126.931162
여의동,견인지역111,서울특별시 영등포구 여의도동 18,37.5253618,126.916382
문래동,견인지역112,서울특별시 영등포구 문래동3가 55-12,37.518257,126.8973513
문래동,견인지역113,서울특별시 영등포구 문래동3가 54-10,37.5140032,126.8994249
대림3동,견인지역114,서울특별시 영등포구 대림동 774,37.4989349,126.895914
대림3동,견인지역115,서울특별시 영등포구 대림동 736-1,37.4954875,126.8973099
대림3동,견인지역116,서울특별시 영등포구 대림동 698,37.5016049,126.8969924
영등포동,견인지역117,서울특별시 영등포구 영등포동6가 7-1,37.5207513,126.904589
영등포동,견인지역118,서울특별시 영등포구 영등포동3가 29,37.518779,126.9086878
영등포동,견인지역119,서울특별시 영등포구 영등포동1가 97-4,37.5181999,126.9121623
영등포동,견인지역120,서울특별시 영등포구 영등포동1가 95-1,37.5183489,126.9128537
여의동,견인지역121,서울특별시 영등포구 여의도동 45-5,37.51921,126.9285832
여의동,견인지역122,서울특별시 영등포구 여의도동 45-21,37.5188123,126.9278673
여의동,견인지역123,서울특별시 영등포구 여의도동 44-11,37.5200808,126.9307562
여의동,견인지역124,서울특별시 영등포구 여의도동 37,37.5204817,126.9239722
여의동,견인지역125,서울특별시 영등포구 여의도동 30-3,37.5240707,126.9315798
여의동,견인지역126,서울특별시 영등포구 여의도동 30-2,37.5249356,126.9320978
여의동,견인지역127,서울특별시 영등포구 여의도동 3-3,37.5224825,126.9285434
여의동,견인지역128,서울특별시 영등포구 여의도동 3-1,37.523933,126.9308945
여의동,견인지역129,서울특별시 영등포구 여의도동 28-4,37.5213649,126.9194079
여의동,견인지역130,서울특별시 영등포구 여의도동 23-5,37.5239739,126.9229578
여의동,견인지역131,서울특별시 영등포구 여의도동 2-4,37.5241906,126.9268773
여의동,견인지역132,서울특별시 영등포구 여의도동 16-1,37.5286052,126.9233963
여의동,견인지역133,서울특별시 영등포구 여의도동 10,37.5300685,126.9262455
양평2동,견인지역134,서울특별시 영등포구 양평동6가 12-1,37.5419872,126.8912395
양평2동,견인지역135,서울특별시 영등포구 양평동4가 281-1,37.5370083,126.8991041
양평2동,견인지역136,서울특별시 영등포구 양평동4가 202-1,37.5384368,126.8947567
문래동,견인지역137,서울특별시 영등포구 문래동5가 22-1,37.5171834,126.884154
문래동,견인지역138,서울특별시 영등포구 문래동3가 59-1,37.5153926,126.8942288
문래동,견인지역139,서울특별시 영등포구 문래동3가 54-7,37.5171483,126.9006207
문래동,견인지역140,서울특별시 영등포구 문래동2가 8-1,37.51217,126.8942024
대림3동,견인지역141,서울특별시 영등포구 대림동 780,37.4996894,126.8947038
영등포동,견인지역142,서울특별시 영등포구 영등포동8가 74-6,37.5288887,126.905405
영등포동,견인지역143,서울특별시 영등포구 영등포동8가 62-4,37.5278853,126.9037589
영등포동,견인지역144,서울특별시 영등포구 영등포동4가 442-5,37.5181129,126.9034934
영등포동,견인지역145,서울특별시 영등포구 영등포동1가 24,37.517788,126.9155863
여의동,견인지역146,서울특별시 영등포구 여의도동 7-6,37.5203193,126.9407878
여의동,견인지역147,서울특별시 영등포구 여의도동 7-5,37.5203517,126.9409834
여의동,견인지역148,서울특별시 영등포구 여의도동 46,37.5184735,126.9291291
여의동,견인지역149,서울특별시 영등포구 여의도동 43-2,37.5211039,126.9308752
여의동,견인지역150,서울특별시 영등포구 여의도동 35-3,37.5218307,126.9256238
여의동,견인지역151,서울특별시 영등포구 여의도동 34-7,37.5219941,126.9301082
여의동,견인지역152,서울특별시 영등포구 여의도동 30,37.5260013,126.9326329
여의동,견인지역153,서울특별시 영등포구 여의도동 21-4,37.5260288,126.9307511
여의동,견인지역154,서울특별시 영등포구 여의도동 2-9,37.5196692,126.921192
양평2동,견인지역155,서울특별시 영등포구 양평동6가 76-1,37.5417758,126.8892685
문래동,견인지역156,서울특별시 영등포구 문래동5가 10,37.5160869,126.8867896
문래동,견인지역157,서울특별시 영등포구 문래동3가 82-2,37.5195154,126.8918398
문래동,견인지역158,서울특별시 영등포구 문래동3가 77-6,37.5171441,126.8895037
문래동,견인지역159,서울특별시 영등포구 문래동3가 55-5,37.517427,126.8964674
문래동,견인지역160,서울특별시 영등포구 문래동3가 54-12,37.5134254,126.8973241
문래동,견인지역161,서울특별시 영등포구 문래동3가 18,37.5186523,126.9010239
대림3동,견인지역162,서울특별시 영등포구 대림동 808-32,37.4927107,126.8956015
대림3동,견인지역163,서울특별시 영등포구 대림동 699,37.5036876,126.8955194
대림3동,견인지역164,서울특별시 영등포구 대림동 669,37.5013259,126.8990036
대림3동,견인지역165,서울특별시 영등포구 대림동 646-4,37.5021336,126.8935749
대림3동,견인지역166,서울특별시 영등포구 대림동 646-1,37.5011843,126.893215
영등포동,견인지역167,서울특별시 영등포구 영등포동8가 29-1,37.5261304,126.9055652
영등포동,견인지역168,서울특별시 영등포구 영등포동7가 65-8,37.5254718,126.9053596
영등포동,견인지역169,서울특별시 영등포구 영등포동7가 29-26,37.5251973,126.908413
영등포동,견인지역170,서울특별시 영등포구 영등포동6가 10-1,37.5222942,126.9046675
영등포동,견인지역171,서울특별시 영등포구 영등포동2가 11-12,37.5186974,126.9142288
영등포동,견인지역172,서울특별시 영등포구 영등포동1가 95-2,37.5181461,126.9134282
영등포동,견인지역173,서울특별시 영등포구 영등포동1가 90-1,37.5183685,126.9143768
영등포동,견인지역174,서울특별시 영등포구 영등포동1가 5-1,37.5175259,126.9160067
영등포동,견인지역175,서울특별시 영등포구 영등포동1가 35,37.5177129,126.9145095
여의동,견인지역176,서울특별시 영등포구 여의도동 81,37.5339206,126.9132916
여의동,견인지역177,서울특별시 영등포구 여의도동 8-4,37.5220999,126.9388198
여의동,견인지역178,서울특별시 영등포구 여의도동 62,37.5180851,126.9365884
여의동,견인지역179,서울특별시 영등포구 여의도동 56,37.5175282,126.9304604
여의동,견인지역180,서울특별시 영등포구 여의도동 53-19,37.5178917,126.9342363
여의동,견인지역181,서울특별시 영등포구 여의도동 5-5,37.5181398,126.9323558
여의동,견인지역182,서울특별시 영등포구 여의도동 5-3,37.5184574,126.9333722
여의동,견인지역183,서울특별시 영등포구 여의도동 48-3,37.5172301,126.9278829
여의동,견인지역184,서울특별시 영등포구 여의도동 44-4,37.520573,126.93008
여의동,견인지역185,서울특별시 영등포구 여의도동 40-3,37.5229009,126.9365032
여의동,견인지역186,서울특별시 영등포구 여의도동 40,37.5234314,126.9342505
여의동,견인지역187,서울특별시 영등포구 여의도동 34-8,37.5212291,126.9288914
여의동,견인지역188,서울특별시 영등포구 여의도동 2-10,37.5219802,126.9167478
여의동,견인지역189,서울특별시 영등포구 여의도동 16-3,37.5270602,126.9209124
여의동,견인지역190,서울특별시 영등포구 여의도동 14-33,37.5282549,126.9208041
양평2동,견인지역191,서울특별시 영등포구 양평동6가 24-1,37.5430734,126.8912186
양평2동,견인지역192,서울특별시 영등포구 양평동5가 76,37.5401141,126.8921036
양평2동,견인지역193,서울특별시 영등포구 양평동5가 61-4,37.5383864,126.8931841
양평2동,견인지역194,서울특별시 영등포구 양평동4가 28-1,37.5353929,126.8970948
양평2동,견인지역195,서울특별시 영등포구 양평동4가 203-2,37.5386725,126.8947838
양평2동,견인지역196,서울특별시 영등포구 양평동4가 2,37.5339847,126.8970942
양평2동,견인지역197,서울특별시 영등포구 양평동4가 160-1,37.5366128,126.8981166
문래동,견인지역198,서울특별시 영등포구 문래동6가 5,37.5196457,126.8890424
문래동,견인지역199,서울특별시 영등포구 문래동6가 33-2,37.5215032,126.8863692
문래동,견인지역200,서울특별시 영등포구 문래동6가 11-1,37.5209635,126.8879447
문래동,견인지역201,서울특별시 영등포구 문래동5가 3-1,37.5158957,126.8881057
문래동,견인지역202,서울특별시 영등포구 문래동3가 82-1,37.5204436,126.8916097
문래동,견인지역203,서울특별시 영등포구 문래동3가 66,37.5174996,126.8942768
문래동,견인지역204,서울특별시 영등포구 문래동3가 58-91,37.5144077,126.8947971
문래동,견인지역205,서울특별시 영등포구 문래동3가 55-16,37.5176027,126.8999775
문래동,견인지역206,서울특별시 영등포구 문래동3가 55-14,37.5152192,126.8965201
문래동,견인지역207,서울특별시 영등포구 문래동3가 17,37.5185136,126.9009368
문래동,견인지역208,서울특별시 영등포구 문래동2가 1-1,37.5132399,126.8968524
대림3동,견인지역209,서울특별시 영등포구 대림동 807-4,37.4941099,126.8952371
대림3동,견인지역210,서울특별시 영등포구 대림동 760-19,37.4959861,126.9017796
대림3동,견인지역211,서울특별시 영등포구 대림동 735,37.4975122,126.8959865
대림3동,견인지역212,서울특별시 영등포구 대림동 1050-40,37.4932252,126.8969081
영등포동,견인지역213,서울특별시 영등포구 영등포동7가 57,37.5251135,126.9030894
영등포동,견인지역214,서울특별시 영등포구 영등포동6가 76-1,37.5207891,126.902617
영등포동,견인지역215,서울특별시 영등포구 영등포동5가 49-1,37.5222116,126.9067114
영등포동,견인지역216,서울특별시 영등포구 영등포동4가 99,37.518422,126.9040053
영등포동,견인지역217,서울특별시 영등포구 영등포동4가 442-4,37.5177781,126.9022387
영등포동,견인지역218,서울특별시 영등포구 영등포동4가 147-1,37.5199697,126.9029429
영등포동,견인지역219,서울특별시 영등포구 영등포동2가 94-23,37.5230779,126.9106021
영등포동,견인지역220,서울특별시 영등포구 영등포동2가 94-22,37.5231265,126.910275
영등포동,견인지역221,서울특별시 영등포구 영등포동2가 5-1,37.519185,126.9110684
영등포동,견인지역222,서울특별시 영등포구 영등포동2가 174-1,37.5186017,126.9122
영등포동,견인지역223,서울특별시 영등포구 영등포동1가 40-1,37.5173446,126.9143491
여의동,견인지역224,서울특별시 영등포구 여의도동 61,37.5186307,126.9396181
여의동,견인지역225,서울특별시 영등포구 여의도동 5-7,37.5168558,126.9296935
여의동,견인지역226,서울특별시 영등포구 여의도동 45-3,37.5194287,126.9283764
여의동,견인지역227,서울특별시 영등포구 여의도동 44-35,37.5191988,126.9308612
여의동,견인지역228,서울특별시 영등포구 여의도동 44-33,37.5195547,126.9305168
여의동,견인지역229,서울특별시 영등포구 여의도동 44-31,37.5197844,126.9302843
여의동,견인지역230,서울특별시 영등포구 여의도동 44-26,37.5206539,126.9290389
여의동,견인지역231,서울특별시 영등포구 여의도동 44-21,37.5208057,126.9292819
여의동,견인지역232,서울특별시 영등포구 여의도동 44,37.521029,126.9296427
여의동,견인지역233,서울특별시 영등포구 여의도동 43-3,37.520818,126.9311537
여의동,견인지역234,서울특별시 영등포구 여의도동 40-1,37.5238067,126.9354341
여의동,견인지역235,서울특별시 영등포구 여의도동 26-4,37.5225219,126.9244722
여의동,견인지역236,서울특별시 영등포구 여의도동 25-1,37.5242913,126.9263693
여의동,견인지역237,서울특별시 영등포구 여의도동 24-1,37.5248452,126.9272729
여의동,견인지역238,서울특별시 영등포구 여의도동 2-5,37.523649,126.926009
여의동,견인지역239,서울특별시 영등포구 여의도동 17,37.5257043,126.9187418
여의동,견인지역240,서울특별시 영등포구 여의도동 16-2,37.5281888,126.9227229
양평2동,견인지역241,서울특별시 영등포구 양평동5가 117-2,37.5417734,126.8921924
양평2동,견인지역242,서울특별시 영등포구 양평동5가 1-1,37.536165,126.8918554
양평2동,견인지역243,서울특별시 영등포구 양평동4가 94,37.5368696,126.8937503
양평2동,견인지역244,서울특별시 영등포구 양평동4가 68-1,37.536449,126.8960585
양평2동,견인지역245,서울특별시 영등포구 양평동4가 1-4,37.5337012,126.8975319
양평2동,견인지역246,서울특별시 영등포구 양평동3가 82,37.5328356,126.8943436
양평2동,견인지역247,서울특별시 영등포구 양평동3가 79-3,37.5319792,126.8946904
양평2동,견인지역248,서울특별시 영등포구 양평동3가 78-16,37.5305649,126.8945448
양평2동,견인지역249,서울특별시 영등포구 양평동3가 76-5,37.5303428,126.8938974
문래동,견인지역250,서울특별시 영등포구 문래동6가 43-1,37.5188679,126.8841002
문래동,견인지역251,서울특별시 영등포구 문래동6가 29,37.5211114,126.8869935
문래동,견인지역252,서울특별시 영등포구 문래동6가 24-1,37.5190066,126.8859677
문래동,견인지역253,서울특별시 영등포구 문래동6가 1-4,37.5175448,126.8886694
문래동,견인지역254,서울특별시 영등포구 문래동5가 4-1,37.5157719,126.8875233
문래동,견인지역255,서울특별시 영등포구 문래동4가 67,37.5141817,126.8885745
문래동,견인지역256,서울특별시 영등포구 문래동3가 87-1,37.5202645,126.889824
문래동,견인지역257,서울특별시 영등포구 문래동3가 77-4,37.5188841,126.8892842
문래동,견인지역258,서울특별시 영등포구 문래동3가 55-19,37.5154324,126.899758
문래동,견인지역259,서울특별시 영등포구 문래동3가 55-17,37.5167694,126.8999345
문래동,견인지역260,서울특별시 영등포구 문래동3가 46,37.5194432,126.8980628
문래동,견인지역261,서울특별시 영등포구 문래동1가 39-1,37.5123149,126.8971251
대림3동,견인지역262,서울특별시 영등포구 대림동 742-7,37.4983818,126.8966264
대림3동,견인지역263,서울특별시 영등포구 대림동 692,37.4980175,126.8988798
영등포동,견인지역264,서울특별시 영등포구 영등포동8가 86-3,37.5317647,126.905823
영등포동,견인지역265,서울특별시 영등포구 영등포동8가 35-1,37.5267486,126.9050364
영등포동,견인지역266,서울특별시 영등포구 영등포동8가 32-26,37.5262268,126.9035171
영등포동,견인지역267,서울특별시 영등포구 영등포동7가 205-2,37.5231439,126.9078307
영등포동,견인지역268,서울특별시 영등포구 영등포동5가 131-5,37.522012,126.9078531
영등포동,견인지역269,서울특별시 영등포구 영등포동4가 443-1,37.5182212,126.9017146
영등포동,견인지역270,서울특별시 영등포구 영등포동4가 442,37.5170751,126.9033411
영등포동,견인지역271,서울특별시 영등포구 영등포동3가 34,37.5173427,126.9090863
영등포동,견인지역272,서울특별시 영등포구 영등포동3가 3-9,37.5187734,126.9087291
영등포동,견인지역273,서울특별시 영등포구 영등포동3가 28,37.5185349,126.9106072
영등포동,견인지역274,서울특별시 영등포구 영등포동3가 2-21,37.5186785,126.9095693
영등포동,견인지역275,서울특별시 영등포구 영등포동2가 94-371,37.5184627,126.9154068
영등포동,견인지역276,서울특별시 영등포구 영등포동2가 30-1,37.5194336,126.9088661
영등포동,견인지역277,서울특별시 영등포구 영등포동2가 11-3,37.5190129,126.9143419
영등포동,견인지역278,서울특별시 영등포구 영등포동1가 5,37.5175447,126.9155209
여의동,견인지역279,서울특별시 영등포구 여의도동 82-9,37.5334334,126.9194272
여의동,견인지역280,서울특별시 영등포구 여의도동 7-2,37.5196892,126.9406682
여의동,견인지역281,서울특별시 영등포구 여의도동 7,37.5177899,126.9371466
여의동,견인지역282,서울특별시 영등포구 여의도동 52,37.5187489,126.9352064
여의동,견인지역283,서울특별시 영등포구 여의도동 51,37.5197265,126.9342527
여의동,견인지역284,서울특별시 영등포구 여의도동 45-1,37.5198049,126.9280064
여의동,견인지역285,서울특별시 영등포구 여의도동 44-37,37.5189269,126.9307317
여의동,견인지역286,서울특별시 영등포구 여의도동 44-36,37.519165,126.9304951
여의동,견인지역287,서울특별시 영등포구 여의도동 44-34,37.5193964,126.9302684
여의동,견인지역288,서울특별시 영등포구 여의도동 44-32,37.5196323,126.9300403
여의동,견인지역289,서울특별시 영등포구 여의도동 44-12,37.5195427,126.9310998
여의동,견인지역290,서울특별시 영등포구 여의도동 42,37.5214745,126.9325037
여의동,견인지역291,서울특별시 영등포구 여의도동 41,37.5221509,126.9336845
여의동,견인지역292,서울특별시 영등포구 여의도동 4-9,37.5186905,126.9222248
여의동,견인지역293,서울특별시 영등포구 여의도동 36-3,37.5208742,126.9278871
여의동,견인지역294,서울특별시 영등포구 여의도동 36-2,37.520782,126.9269161
여의동,견인지역295,서울특별시 영등포구 여의도동 35-5,37.521454,126.925069
여의동,견인지역296,서울특별시 영등포구 여의도동 35,37.5219407,126.9269679
여의동,견인지역297,서울특별시 영등포구 여의도동 33,37.5230423,126.9280221
여의동,견인지역298,서울특별시 영등포구 여의도동 32,37.5230737,126.9308342
여의동,견인지역299,서울특별시 영등포구 여의도동 31,37.5241002,126.9298175
여의동,견인지역300,서울특별시 영등포구 여의도동 27-3,37.5225758,126.9218048
여의동,견인지역301,서울특별시 영등포구 여의도동 27,37.5230582,126.9213308
여의동,견인지역302,서울특별시 영등포구 여의도동 25,37.5240663,126.9260095
여의동,견인지역303,서울특별시 영등포구 여의도동 23-9,37.5240356,126.9245299
여의동,견인지역304,서울특별시 영등포구 여의도동 23-8,37.5238184,126.9241796
여의동,견인지역305,서울특별시 영등포구 여의도동 23-3,37.5244869,126.9237678
여의동,견인지역306,서울특별시 영등포구 여의도동 17-9,37.5265775,126.9181622
여의동,견인지역307,서울특별시 영등포구 여의도동 17-1,37.5282768,126.9165048
여의동,견인지역308,서울특별시 영등포구 여의도동 15-24,37.5275231,126.9195998
여의동,견인지역309,서울특별시 영등포구 여의도동 15-22,37.5283603,126.9187716
여의동,견인지역310,서울특별시 영등포구 여의도동 14-23,37.5296021,126.9196897
여의동,견인지역311,서울특별시 영등포구 여의도동 14-21,37.5299224,126.9191736
여의동,견인지역312,서울특별시 영등포구 여의도동 14-11,37.5292328,126.9208199
여의동,견인지역313,서울특별시 영등포구 여의도동 13-33,37.5312181,126.9208348
여의동,견인지역314,서울특별시 영등포구 여의도동 13-32,37.5300935,126.9224212
여의동,견인지역315,서울특별시 영등포구 여의도동 13-30,37.5295464,126.9229234
여의동,견인지역316,서울특별시 영등포구 여의도동 10-4,37.5297138,126.925664
여의동,견인지역317,서울특별시 영등포구 여의도동 10-1,37.5303799,126.9255782
양평2동,견인지역318,서울특별시 영등포구 양화동 1-48,37.5438616,126.8906176
양평2동,견인지역319,서울특별시 영등포구 양평동6가 98-1,37.543854,126.8876388
양평2동,견인지역320,서울특별시 영등포구 양평동6가 91-1,37.5437306,126.8881417
양평2동,견인지역321,서울특별시 영등포구 양평동5가 92,37.539451,126.8943568
양평2동,견인지역322,서울특별시 영등포구 양평동5가 84-2,37.5400775,126.8911051
양평2동,견인지역323,서울특별시 영등포구 양평동5가 62-3,37.5385007,126.8933848
양평2동,견인지역324,서울특별시 영등포구 양평동5가 27,37.5382249,126.8926367
양평2동,견인지역325,서울특별시 영등포구 양평동5가 1-3,37.5356808,126.8919862
양평2동,견인지역326,서울특별시 영등포구 양평동4가 98-2,37.5371376,126.8948908
양평2동,견인지역327,서울특별시 영등포구 양평동4가 323,37.5395305,126.896184
양평2동,견인지역328,서울특별시 영등포구 양평동4가 152,37.5362996,126.8978637
양평2동,견인지역329,서울특별시 영등포구 양평동4가 15-7,37.5345505,126.8926375
양평2동,견인지역330,서울특별시 영등포구 양평동3가 78-3,37.5302163,126.8946696
양평2동,견인지역331,서울특별시 영등포구 양평동 492,37.5232548,126.8807449
문래동,견인지역332,서울특별시 영등포구 문래동6가 45,37.5204418,126.882861
문래동,견인지역333,서울특별시 영등포구 문래동6가 3-3,37.5183504,126.8882952
문래동,견인지역334,서울특별시 영등포구 문래동6가 10,37.5208,126.8890229
문래동,견인지역335,서울특별시 영등포구 문래동5가 35,37.5153194,126.8832865
문래동,견인지역336,서울특별시 영등포구 문래동5가 27,37.5165445,126.8833946
문래동,견인지역337,서울특별시 영등포구 문래동5가 21,37.5161054,126.8844403
문래동,견인지역338,서울특별시 영등포구 문래동4가 9-1,37.5169269,126.8889273
문래동,견인지역339,서울특별시 영등포구 문래동4가 21-28,37.5141464,126.891408
문래동,견인지역340,서울특별시 영등포구 문래동3가 82-20,37.5196813,126.8919565
문래동,견인지역341,서울특별시 영등포구 문래동3가 76-7,37.5158477,126.8918015
문래동,견인지역342,서울특별시 영등포구 문래동3가 72-1,37.5201586,126.8944513
문래동,견인지역343,서울특별시 영등포구 문래동3가 72,37.5200072,126.8949791
문래동,견인지역344,서울특별시 영등포구 문래동3가 69-2,37.5193262,126.8948232
문래동,견인지역345,서울특별시 영등포구 문래동3가 58-20,37.5148564,126.8942823
문래동,견인지역346,서울특별시 영등포구 문래동3가 55-4,37.5180887,126.8974752
문래동,견인지역347,서울특별시 영등포구 문래동3가 54-9,37.5145858,126.900407
문래동,견인지역348,서울특별시 영등포구 문래동3가 48,37.5195125,126.8961529
문래동,견인지역349,서울특별시 영등포구 문래동3가 46-2,37.5193786,126.898463
문래동,견인지역350,서울특별시 영등포구 문래동3가 10,37.5161094,126.9007185
문래동,견인지역351,서울특별시 영등포구 문래동2가 36-9,37.5112616,126.8919104
문래동,견인지역352,서울특별시 영등포구 문래동2가 36-13,37.5112535,126.8923208
문래동,견인지역353,서울특별시 영등포구 문래동2가 3-4,37.5129147,126.8963021
문래동,견인지역354,서울특별시 영등포구 문래동2가 26,37.5121495,126.8935353
대림3동,견인지역355,서울특별시 영등포구 대림동 807-2,37.4945851,126.8949124
대림3동,견인지역356,서울특별시 영등포구 대림동 806-13,37.4954566,126.8945957
대림3동,견인지역357,서울특별시 영등포구 대림동 779-8,37.5001721,126.8971779
대림3동,견인지역358,서울특별시 영등포구 대림동 777-2,37.4956873,126.8947592
대림3동,견인지역359,서울특별시 영등포구 대림동 777-1,37.4970606,126.8946727
대림3동,견인지역360,서울특별시 영등포구 대림동 736-2,37.4958544,126.8985074
대림3동,견인지역361,서울특별시 영등포구 대림동 650,37.5038411,126.8966081